abbr,pts,opp_pts,wins,losses
ATL,114,99,1,0
ATL,104,72,2,0
ATL,106,95,3,0
ATL,116,123,3,1
ATL,92,95,3,2
ATL,112,97,4,2
ATL,110,106,5,2
ATL,115,107,6,2
ATL,117,96,7,2
ATL,93,90,8,2
ATL,107,100,9,2
ATL,96,100,9,3
ATL,94,104,9,4
ATL,94,112,9,5
ATL,96,85,10,5
ATL,68,95,10,6
ATL,94,109,10,7
ATL,100,105,10,8
ATL,107,109,10,9
ATL,85,121,10,10
ATL,84,128,10,11
ATL,99,102,10,12
ATL,103,95,11,12
ATL,114,110,12,12
ATL,120,131,12,13
ATL,125,121,13,13
ATL,99,107,13,14
ATL,110,108,14,14
ATL,84,92,14,15
ATL,109,108,15,15
ATL,90,104,15,16
ATL,102,98,16,16
ATL,105,98,17,16
ATL,114,112,18,16
ATL,111,92,19,16
ATL,99,94,20,16
ATL,97,82,21,16
ATL,117,97,22,16
ATL,101,103,22,17
ATL,111,98,23,17
ATL,108,107,24,17
ATL,95,118,24,18
ATL,102,93,25,18
ATL,110,93,26,18
ATL,105,115,26,19
ATL,119,114,27,19
ATL,86,112,27,20
ATL,142,139,28,20
ATL,93,116,28,21
ATL,113,108,29,21
ATL,113,86,30,21
ATL,95,120,30,22
ATL,117,106,31,22
ATL,107,108,31,23
ATL,109,104,32,23
ATL,84,99,32,24
ATL,90,108,32,25
ATL,86,105,32,26
ATL,114,98,33,26
ATL,100,95,34,26
ATL,130,135,34,27
ATL,96,97,34,28
ATL,111,119,34,29
ATL,110,105,35,29
ATL,105,99,36,29
ATL,107,90,37,29
ATL,99,107,37,30
ATL,91,103,37,31
ATL,97,113,37,32
ATL,90,105,37,33
ATL,100,104,37,34
ATL,97,100,37,35
ATL,92,107,37,36
ATL,95,91,38,36
ATL,99,92,39,36
ATL,104,106,39,37
ATL,82,91,39,38
ATL,123,116,40,38
ATL,114,100,41,38
ATL,126,125,42,38
ATL,103,76,43,38
ATL,86,104,43,39
ATL,107,114,0,1
ATL,101,109,0,2
ATL,116,98,1,2
ATL,111,101,2,2
ATL,99,103,2,3
ATL,99,115,2,4
BOS,122,117,1,0
BOS,99,105,1,1
BOS,104,98,2,1
BOS,107,100,3,1
BOS,122,128,3,2
BOS,107,123,3,3
BOS,93,118,3,4
BOS,115,87,4,4
BOS,105,99,5,4
BOS,105,106,5,5
BOS,90,83,6,5
BOS,88,104,6,6
BOS,94,92,7,6
BOS,99,93,8,6
BOS,111,92,9,6
BOS,103,109,9,7
BOS,112,104,10,7
BOS,114,121,10,8
BOS,97,92,11,8
BOS,107,106,12,8
BOS,106,107,12,9
BOS,117,87,13,9
BOS,94,101,13,10
BOS,96,99,13,11
BOS,101,108,13,12
BOS,96,88,14,12
BOS,105,95,15,12
BOS,112,109,16,12
BOS,109,102,17,12
BOS,112,117,17,13
BOS,119,114,18,13
BOS,113,103,19,13
BOS,118,124,19,14
BOS,117,114,20,14
BOS,115,104,21,14
BOS,110,106,22,14
BOS,117,108,23,14
BOS,106,114,23,15
BOS,117,108,24,15
BOS,103,101,25,15
BOS,108,98,26,15
BOS,106,117,26,16
BOS,123,127,26,17
BOS,108,123,26,18
BOS,120,109,27,18
BOS,128,98,28,18
BOS,112,108,29,18
BOS,113,109,30,18
BOS,109,104,31,18
BOS,113,107,32,18
BOS,107,102,33,18
BOS,92,108,33,19
BOS,120,111,34,19
BOS,112,104,35,19
BOS,111,98,36,19
BOS,116,108,37,19
BOS,103,104,37,20
BOS,97,107,37,21
BOS,104,98,38,21
BOS,98,114,38,22
BOS,103,99,39,22
BOS,115,95,40,22
BOS,106,109,40,23
BOS,102,116,40,24
BOS,99,86,41,24
BOS,99,119,41,25
BOS,100,80,42,25
BOS,117,104,43,25
BOS,98,95,44,25
BOS,99,105,44,26
BOS,110,102,45,26
BOS,109,100,46,26
BOS,130,120,47,26
BOS,112,108,48,26
BOS,100,103,48,27
BOS,117,116,49,27
BOS,110,94,50,27
BOS,91,114,50,28
BOS,116,123,50,29
BOS,121,114,51,29
BOS,114,105,52,29
BOS,112,94,53,29
BOS,102,106,0,1
BOS,97,111,0,2
BOS,104,87,1,2
BOS,104,95,2,2
BOS,108,97,3,2
BOS,105,83,4,2
BOS,123,111,5,2
BOS,129,119,6,2
BOS,89,116,6,3
BOS,102,121,6,4
BOS,123,101,7,4
BOS,91,92,7,5
BOS,115,105,8,5
BOS,104,117,8,6
BOS,86,130,8,7
BOS,111,108,9,7
BOS,99,112,9,8
BOS,102,135,9,9
BRK,117,122,0,1
BRK,103,94,1,1
BRK,108,110,1,2
BRK,88,118,1,3
BRK,109,101,2,3
BRK,95,99,2,4
BRK,119,110,3,4
BRK,96,110,3,5
BRK,122,104,4,5
BRK,95,127,4,6
BRK,118,125,4,7
BRK,105,124,4,8
BRK,109,129,4,9
BRK,92,111,4,10
BRK,97,118,4,11
BRK,105,122,4,12
BRK,127,122,5,12
BRK,93,111,5,13
BRK,103,112,5,14
BRK,113,118,5,15
BRK,116,111,6,15
BRK,101,130,6,16
BRK,118,122,6,17
BRK,107,97,7,17
BRK,111,118,7,18
BRK,107,108,7,19
BRK,104,116,7,20
BRK,101,117,7,21
BRK,99,119,7,22
BRK,120,118,8,22
BRK,99,101,8,23
BRK,95,118,8,24
BRK,89,101,8,25
BRK,109,121,8,26
BRK,108,116,8,27
BRK,95,105,8,28
BRK,97,117,8,29
BRK,95,104,8,30
BRK,113,132,8,31
BRK,112,137,8,32
BRK,109,119,8,33
BRK,143,114,9,33
BRK,105,112,9,34
BRK,86,112,9,35
BRK,106,109,9,36
BRK,116,124,9,37
BRK,109,129,9,38
BRK,96,104,9,39
BRK,90,95,9,40
BRK,97,106,9,41
BRK,95,103,9,42
BRK,107,111,9,43
BRK,110,114,9,44
BRK,99,108,9,45
BRK,103,112,9,46
BRK,125,129,9,47
BRK,109,129,9,48
BRK,95,112,9,49
BRK,109,100,10,49
BRK,97,112,10,50
BRK,116,130,10,51
BRK,122,109,11,51
BRK,105,110,11,52
BRK,96,105,11,53
BRK,120,112,12,53
BRK,104,122,12,54
BRK,121,110,13,54
BRK,95,98,13,55
BRK,104,111,13,56
BRK,98,96,14,56
BRK,126,98,15,56
BRK,108,129,15,57
BRK,107,92,16,57
BRK,101,106,16,58
BRK,89,90,16,59
BRK,121,111,17,59
BRK,91,82,18,59
BRK,141,118,19,59
BRK,107,115,19,60
BRK,107,106,20,60
BRK,105,114,20,61
BRK,73,112,20,62
CHI,105,99,1,0
CHI,118,101,2,0
CHI,118,88,3,0
CHI,100,107,3,1
CHI,104,117,3,2
CHI,94,111,3,3
CHI,112,80,4,3
CHI,107,115,4,4
CHI,98,95,5,4
CHI,106,95,6,4
CHI,113,88,7,4
CHI,85,77,8,4
CHI,95,102,8,5
CHI,118,110,9,5
CHI,107,110,9,6
CHI,105,89,10,6
CHI,90,96,10,7
CHI,111,105,11,7
CHI,82,107,11,8
CHI,110,112,11,9
CHI,91,102,11,10
CHI,95,91,12,10
CHI,105,100,13,10
CHI,94,99,13,11
CHI,97,108,13,12
CHI,69,95,13,13
CHI,113,82,14,13
CHI,97,107,14,14
CHI,91,103,14,15
CHI,100,119,14,16
CHI,90,85,15,16
CHI,101,99,16,16
CHI,101,111,16,17
CHI,96,116,16,18
CHI,118,111,17,18
CHI,106,94,18,18
CHI,123,118,19,18
CHI,94,109,19,19
CHI,99,101,19,20
CHI,89,104,19,21
CHI,107,99,20,21
CHI,108,104,21,21
CHI,98,99,21,22
CHI,93,102,21,23
CHI,102,99,22,23
CHI,100,92,23,23
CHI,114,119,23,24
CHI,88,100,23,25
CHI,121,108,24,25
CHI,128,100,25,25
CHI,117,121,25,26
CHI,112,107,26,26
CHI,92,123,26,27
CHI,97,115,26,28
CHI,89,117,26,29
CHI,105,94,27,29
CHI,104,103,28,29
CHI,128,121,29,29
CHI,117,99,30,29
CHI,107,125,30,30
CHI,94,87,31,30
CHI,91,101,31,31
CHI,95,109,31,32
CHI,91,98,31,33
CHI,94,115,31,34
CHI,80,100,31,35
CHI,115,109,32,35
CHI,91,98,32,36
CHI,107,112,32,37
CHI,95,86,33,37
CHI,120,122,33,38
CHI,117,95,34,38
CHI,107,117,34,39
CHI,109,94,35,39
CHI,99,93,36,39
CHI,106,104,37,39
CHI,117,110,38,39
CHI,91,100,38,40
CHI,102,90,39,40
CHI,106,107,39,41
CHI,122,75,40,41
CHI,112,73,41,41
CHI,106,102,1,0
CHI,111,97,2,0
CHI,87,104,2,1
CHI,95,104,2,2
CHI,97,108,2,3
CHI,83,105,2,4
CHO,107,96,1,0
CHO,97,91,2,0
CHO,98,104,2,1
CHO,109,93,3,1
CHO,99,95,4,1
CHO,122,100,5,1
CHO,104,98,6,1
CHO,111,113,6,2
CHO,93,100,6,3
CHO,115,108,7,3
CHO,100,96,8,3
CHO,116,121,8,4
CHO,90,105,8,5
CHO,114,119,8,6
CHO,111,113,8,7
CHO,107,102,9,7
CHO,104,85,10,7
CHO,89,112,10,8
CHO,97,87,11,8
CHO,120,125,11,9
CHO,109,101,12,9
CHO,87,77,13,9
CHO,109,88,14,9
CHO,105,116,14,10
CHO,94,110,14,11
CHO,106,109,14,12
CHO,88,96,14,13
CHO,107,99,15,13
CHO,117,113,16,13
CHO,103,91,17,13
CHO,118,120,17,14
CHO,120,101,18,14
CHO,91,82,19,14
CHO,109,121,19,15
CHO,111,118,19,16
CHO,123,112,20,16
CHO,114,115,20,17
CHO,85,102,20,18
CHO,114,121,20,19
CHO,93,102,20,20
CHO,98,108,20,21
CHO,107,85,21,21
CHO,113,78,22,21
CHO,112,105,23,21
CHO,99,109,23,22
CHO,103,113,23,23
CHO,107,110,23,24
CHO,106,109,23,25
CHO,98,115,23,26
CHO,111,126,23,27
CHO,98,105,23,28
CHO,111,107,24,28
CHO,95,107,24,29
CHO,102,107,24,30
CHO,99,105,24,31
CHO,85,90,24,32
CHO,108,114,24,33
CHO,99,85,25,33
CHO,121,124,25,34
CHO,109,104,26,34
CHO,103,120,26,35
CHO,112,102,27,35
CHO,100,88,28,35
CHO,101,108,28,36
CHO,121,81,29,36
CHO,122,125,29,37
CHO,109,115,29,38
CHO,77,98,29,39
CHO,98,93,30,39
CHO,105,90,31,39
CHO,109,102,32,39
CHO,105,112,32,40
CHO,120,106,33,40
CHO,108,118,33,41
CHO,110,106,34,41
CHO,122,114,35,41
CHO,113,101,36,41
CHO,111,118,36,42
CHO,99,112,36,43
CHO,114,121,36,44
CHO,79,89,36,45
CHO,76,103,36,46
CLE,117,88,1,0
CLE,94,91,2,0
CLE,105,99,3,0
CLE,128,120,4,0
CLE,128,122,5,0
CLE,102,101,6,0
CLE,106,110,6,1
CLE,105,94,7,1
CLE,100,93,8,1
CLE,121,117,9,1
CLE,93,103,9,2
CLE,104,81,10,2
CLE,137,125,11,2
CLE,128,90,12,2
CLE,112,108,13,2
CLE,101,118,13,3
CLE,94,113,13,4
CLE,105,111,13,5
CLE,116,112,14,5
CLE,126,94,15,5
CLE,114,84,16,5
CLE,116,105,17,5
CLE,103,86,18,5
CLE,85,93,18,6
CLE,119,108,19,6
CLE,114,108,20,6
CLE,113,102,21,6
CLE,119,99,22,6
CLE,109,108,23,6
CLE,90,106,23,7
CLE,124,118,24,7
CLE,121,109,25,7
CLE,90,82,26,7
CLE,94,106,26,8
CLE,116,108,27,8
CLE,120,116,28,8
CLE,92,100,28,9
CLE,86,102,28,10
CLE,120,108,29,10
CLE,91,126,29,11
CLE,118,103,30,11
CLE,115,118,30,12
CLE,122,124,30,13
CLE,112,116,30,14
CLE,124,116,31,14
CLE,107,91,32,14
CLE,97,104,32,15
CLE,125,97,33,15
CLE,111,104,34,15
CLE,140,135,35,15
CLE,132,117,36,15
CLE,109,118,36,16
CLE,125,109,37,16
CLE,116,108,38,16
CLE,113,104,39,16
CLE,119,104,40,16
CLE,99,117,40,17
CLE,102,95,41,17
CLE,99,103,41,18
CLE,135,130,42,18
CLE,92,120,42,19
CLE,98,106,42,20
CLE,101,106,42,21
CLE,116,104,43,21
CLE,112,117,43,22
CLE,128,96,44,22
CLE,91,83,45,22
CLE,78,108,45,23
CLE,125,120,46,23
CLE,113,126,46,24
CLE,112,105,47,24
CLE,115,127,47,25
CLE,74,103,47,26
CLE,93,99,47,27
CLE,122,105,48,27
CLE,135,130,49,27
CLE,122,102,50,27
CLE,114,91,51,27
CLE,100,114,51,28
CLE,125,126,51,29
CLE,121,124,51,30
CLE,83,98,51,31
CLE,109,108,1,0
CLE,117,111,2,0
CLE,119,114,3,0
CLE,106,102,4,0
CLE,116,105,5,0
CLE,125,103,6,0
CLE,115,94,7,0
CLE,109,102,8,0
CLE,117,104,9,0
CLE,130,86,10,0
CLE,108,111,10,1
CLE,112,99,11,1
CLE,135,102,12,1
CLE,91,113,12,2
CLE,113,132,12,3
CLE,113,118,12,4
CLE,137,116,13,4
CLE,120,129,13,5
DAL,121,130,0,1
DAL,98,106,0,2
DAL,92,93,0,3
DAL,81,97,0,4
DAL,95,105,0,5
DAL,86,75,1,5
DAL,109,97,2,5
DAL,95,116,2,6
DAL,77,93,2,7
DAL,83,90,2,8
DAL,64,80,2,9
DAL,87,95,2,10
DAL,91,96,2,11
DAL,104,124,2,12
DAL,90,128,2,13
DAL,91,81,3,13
DAL,87,94,3,14
DAL,87,97,3,15
DAL,107,82,4,15
DAL,101,109,4,16
DAL,89,120,4,17
DAL,111,103,5,17
DAL,87,109,5,18
DAL,112,92,6,18
DAL,85,95,6,19
DAL,100,103,6,20
DAL,99,79,7,20
DAL,107,117,7,21
DAL,96,95,8,21
DAL,90,88,9,21
DAL,104,111,9,22
DAL,107,123,9,23
DAL,101,89,10,23
DAL,99,108,10,24
DAL,113,105,11,24
DAL,95,102,11,25
DAL,82,97,11,26
DAL,92,101,11,27
DAL,113,108,12,27
DAL,98,87,13,27
DAL,99,98,14,27
DAL,95,99,14,28
DAL,107,112,14,29
DAL,122,73,15,29
DAL,103,95,16,29
DAL,98,109,16,30
DAL,105,101,17,30
DAL,104,97,18,30
DAL,113,95,19,30
DAL,108,104,20,30
DAL,87,110,20,31
DAL,113,114,20,32
DAL,112,105,21,32
DAL,112,80,22,32
DAL,98,111,22,33
DAL,91,98,22,34
DAL,84,97,22,35
DAL,96,83,23,35
DAL,96,89,24,35
DAL,95,100,24,36
DAL,104,100,25,36
DAL,104,89,26,36
DAL,122,111,27,36
DAL,105,96,28,36
DAL,98,100,28,37
DAL,78,100,28,38
DAL,112,107,29,38
DAL,74,116,29,39
DAL,111,104,30,39
DAL,87,112,30,40
DAL,97,95,31,40
DAL,86,94,31,41
DAL,91,92,31,42
DAL,118,121,31,43
DAL,90,99,31,44
DAL,109,105,32,44
DAL,87,98,32,45
DAL,101,112,32,46
DAL,89,102,32,47
DAL,111,124,32,48
DAL,91,109,32,49
DAL,100,93,33,49
DEN,107,102,1,0
DEN,113,115,1,1
DEN,102,105,1,2
DEN,102,99,2,2
DEN,86,103,2,3
DEN,123,107,3,3
DEN,107,108,3,4
DEN,101,125,3,5
DEN,95,106,3,6
DEN,105,112,3,7
DEN,120,104,4,7
DEN,111,113,4,8
DEN,105,91,5,8
DEN,110,107,6,8
DEN,83,108,6,9
DEN,129,132,6,10
DEN,120,114,7,10
DEN,98,106,7,11
DEN,110,128,7,12
DEN,98,105,7,13
DEN,106,98,8,13
DEN,111,116,8,14
DEN,85,92,8,15
DEN,121,113,9,15
DEN,92,112,9,16
DEN,132,120,10,16
DEN,127,114,11,16
DEN,117,107,12,16
DEN,102,119,12,17
DEN,108,109,12,18
DEN,106,102,13,18
DEN,105,103,14,18
DEN,122,124,14,19
DEN,119,127,14,20
DEN,113,120,14,21
DEN,99,127,14,22
DEN,106,121,14,23
DEN,140,112,15,23
DEN,125,112,16,23
DEN,127,121,17,23
DEN,104,118,17,24
DEN,123,98,18,24
DEN,108,111,18,25
DEN,103,93,19,25
DEN,127,120,20,25
DEN,123,112,21,25
DEN,116,120,21,26
DEN,99,119,21,27
DEN,121,117,22,27
DEN,97,121,22,28
DEN,110,87,23,28
DEN,106,117,23,29
DEN,131,123,24,29
DEN,109,125,24,30
DEN,132,110,25,30
DEN,99,112,25,31
DEN,100,116,25,32
DEN,129,109,26,32
DEN,98,105,26,33
DEN,125,107,27,33
DEN,110,98,28,33
DEN,102,112,28,34
DEN,108,96,29,34
DEN,113,123,29,35
DEN,119,99,30,35
DEN,105,92,31,35
DEN,129,101,32,35
DEN,129,114,33,35
DEN,105,109,33,36
DEN,124,125,33,37
DEN,126,113,34,37
DEN,125,117,35,37
DEN,90,115,35,38
DEN,113,122,35,39
DEN,114,122,35,40
DEN,116,113,36,40
DEN,134,131,37,40
DEN,104,110,37,41
DEN,122,106,38,41
DEN,105,106,38,42
DEN,109,91,39,42
DEN,111,105,40,42
DET,91,109,0,1
DET,108,82,1,1
DET,98,83,2,1
DET,102,89,3,1
DET,101,109,3,2
DET,103,86,4,2
DET,82,114,4,3
DET,100,107,4,4
DET,86,96,4,5
DET,106,95,5,5
DET,104,88,6,5
DET,102,105,6,6
DET,81,104,6,7
DET,92,94,6,8
DET,96,99,6,9
DET,107,84,7,9
DET,108,97,8,9
DET,88,106,8,10
DET,112,89,9,10
DET,121,114,10,10
DET,121,85,11,10
DET,92,98,11,11
DET,102,91,12,11
DET,77,87,12,12
DET,117,90,13,12
DET,79,97,13,13
DET,95,85,14,13
DET,108,122,14,14
DET,90,105,14,15
DET,82,113,14,16
DET,86,98,14,17
DET,113,119,14,18
DET,106,90,15,18
DET,94,119,15,19
DET,98,105,15,20
DET,107,98,16,20
DET,116,121,16,21
DET,115,114,17,21
DET,125,124,18,21
DET,94,100,18,22
DET,107,127,18,23
DET,77,110,18,24
DET,102,97,19,24
DET,118,95,20,24
DET,113,112,21,24
DET,104,109,21,25
DET,103,116,21,26
DET,109,113,21,27
DET,118,98,22,27
DET,116,108,23,27
DET,84,105,23,28
DET,113,96,24,28
DET,121,102,25,28
DET,92,103,25,29
DET,102,101,26,29
DET,89,102,26,30
DET,98,91,27,30
DET,114,108,28,30
DET,98,104,28,31
DET,120,113,29,31
DET,86,109,29,32
DET,136,106,30,32
DET,109,95,31,32
DET,98,115,31,33
DET,106,101,32,33
DET,112,92,33,33
DET,96,128,33,34
DET,83,97,33,35
DET,75,87,33,36
DET,112,95,34,36
DET,96,98,34,37
DET,95,117,34,38
DET,87,115,34,39
DET,95,109,34,40
DET,96,97,34,41
DET,90,89,35,41
DET,105,108,35,42
DET,102,105,35,43
DET,114,109,36,43
DET,103,90,37,43
DET,101,105,37,44
DET,109,113,37,45
GSW,100,129,0,1
GSW,122,114,1,1
GSW,106,100,2,1
GSW,127,104,3,1
GSW,122,96,4,1
GSW,97,117,4,2
GSW,116,106,5,2
GSW,116,95,6,2
GSW,125,101,7,2
GSW,133,120,8,2
GSW,127,121,9,2
GSW,104,88,10,2
GSW,124,121,11,2
GSW,120,83,12,2
GSW,149,106,13,2
GSW,109,85,14,2
GSW,115,102,15,2
GSW,105,100,16,2
GSW,127,132,16,3
GSW,138,109,17,3
GSW,142,106,18,3
GSW,115,98,19,3
GSW,106,99,20,3
GSW,89,110,20,4
GSW,116,108,21,4
GSW,113,109,22,4
GSW,103,90,23,4
GSW,135,90,24,4
GSW,104,74,25,4
GSW,117,101,26,4
GSW,119,113,27,4
GSW,108,109,27,5
GSW,121,111,28,5
GSW,108,99,29,5
GSW,127,119,30,5
GSW,125,117,31,5
GSW,119,128,31,6
GSW,117,106,32,6
GSW,107,95,33,6
GSW,127,107,34,6
GSW,126,91,35,6
GSW,121,100,36,6
GSW,125,108,37,6
GSW,118,98,38,6
GSW,102,105,38,7
GSW,113,103,39,7
GSW,144,98,40,7
GSW,113,111,41,7
GSW,126,111,42,7
GSW,133,120,43,7
GSW,106,109,43,8
GSW,123,92,44,8
GSW,122,107,45,8
GSW,130,114,46,8
GSW,110,132,46,9
GSW,109,86,47,9
GSW,123,113,48,9
GSW,112,95,49,9
GSW,119,108,50,9
GSW,108,112,50,10
GSW,87,94,50,11
GSW,112,105,51,11
GSW,119,111,52,11
GSW,86,99,52,12
GSW,102,103,52,13
GSW,85,107,52,14
GSW,106,104,53,14
GSW,122,92,54,14
GSW,117,92,55,14
GSW,111,95,56,14
GSW,112,87,57,14
GSW,114,100,58,14
GSW,106,94,59,14
GSW,113,106,60,14
GSW,110,98,61,14
GSW,107,98,62,14
GSW,139,115,63,14
GSW,121,107,64,14
GSW,120,111,65,14
GSW,123,101,66,14
GSW,99,105,66,15
GSW,109,94,67,15
GSW,121,109,1,0
GSW,110,81,2,0
GSW,119,113,3,0
GSW,128,103,4,0
GSW,106,94,5,0
GSW,115,104,6,0
GSW,102,91,7,0
GSW,121,95,8,0
GSW,113,111,9,0
GSW,136,100,10,0
GSW,120,108,11,0
GSW,129,115,12,0
GSW,113,91,13,0
GSW,132,113,14,0
GSW,118,113,15,0
GSW,116,137,15,1
GSW,129,120,16,1
HOU,114,120,0,1
HOU,106,98,1,1
HOU,93,92,2,1
HOU,120,128,2,2
HOU,118,99,3,2
HOU,97,112,3,3
HOU,114,106,4,3
HOU,101,99,5,3
HOU,100,106,5,4
HOU,115,88,6,4
HOU,103,105,6,5
HOU,126,109,7,5
HOU,111,102,8,5
HOU,99,96,9,5
HOU,102,115,9,6
HOU,117,104,10,6
HOU,130,114,11,6
HOU,101,120,11,7
HOU,132,127,12,7
HOU,128,110,13,7
HOU,107,106,14,7
HOU,134,95,15,7
HOU,102,99,16,7
HOU,109,87,17,7
HOU,122,118,18,7
HOU,132,98,19,7
HOU,122,100,20,7
HOU,111,109,21,7
HOU,100,102,21,8
HOU,125,111,22,8
HOU,109,115,22,9
HOU,131,115,23,9
HOU,123,107,24,9
HOU,140,116,25,9
HOU,129,122,26,9
HOU,101,91,27,9
HOU,118,116,28,9
HOU,100,93,29,9
HOU,129,122,30,9
HOU,121,114,31,9
HOU,105,119,31,10
HOU,105,110,31,11
HOU,137,112,32,11
HOU,103,109,32,12
HOU,111,92,33,12
HOU,108,125,33,13
HOU,119,95,34,13
HOU,114,127,34,14
HOU,109,120,34,15
HOU,123,118,35,15
HOU,101,120,35,16
HOU,105,83,36,16
HOU,108,113,36,17
HOU,121,117,37,17
HOU,128,104,38,17
HOU,107,95,39,17
HOU,133,102,40,17
HOU,109,117,40,18
HOU,129,99,41,18
HOU,142,130,42,18
HOU,108,117,42,19
HOU,122,103,43,19
HOU,123,108,44,19
HOU,110,112,44,20
HOU,108,115,44,21
HOU,115,94,45,21
HOU,117,112,46,21
HOU,139,100,47,21
HOU,112,128,47,22
HOU,109,105,48,22
HOU,125,124,49,22
HOU,117,107,50,22
HOU,137,125,51,22
HOU,106,113,51,23
HOU,107,117,51,24
HOU,98,107,51,25
HOU,123,116,52,25
HOU,110,104,53,25
HOU,109,114,53,26
HOU,135,128,54,26
HOU,96,125,54,27
HOU,123,118,55,27
HOU,118,87,1,0
HOU,115,111,2,0
HOU,113,115,2,1
HOU,113,109,3,1
HOU,105,99,4,1
HOU,126,99,5,1
HOU,96,121,5,2
HOU,92,103,5,3
HOU,125,104,6,3
HOU,107,110,6,4
HOU,75,114,6,5
IND,130,121,1,0
IND,94,103,1,1
IND,101,118,1,2
IND,115,108,2,2
IND,107,125,2,3
IND,111,94,3,3
IND,100,122,3,4
IND,122,115,4,4
IND,105,109,4,5
IND,99,105,4,6
IND,88,69,5,6
IND,103,93,6,6
IND,96,116,6,7
IND,115,111,7,7
IND,83,120,7,8
IND,85,96,7,9
IND,118,97,8,9
IND,91,70,9,9
IND,109,131,9,10
IND,111,102,10,10
IND,106,142,10,11
IND,109,94,11,11
IND,103,111,11,12
IND,118,111,12,12
IND,110,94,13,12
IND,89,95,13,13
IND,95,102,13,14
IND,105,90,14,14
IND,107,105,15,14
IND,111,118,15,15
IND,102,109,15,16
IND,85,90,15,17
IND,105,111,15,18
IND,111,101,16,18
IND,117,104,17,18
IND,121,116,18,18
IND,121,109,19,18
IND,123,109,20,18
IND,112,140,20,19
IND,98,95,21,19
IND,106,100,22,19
IND,95,108,22,20
IND,100,109,22,21
IND,103,109,22,22
IND,109,103,23,22
IND,115,111,24,22
IND,120,101,25,22
IND,98,88,26,22
IND,106,97,27,22
IND,105,84,28,22
IND,93,90,29,22
IND,117,132,29,23
IND,107,112,29,24
IND,100,116,29,25
IND,106,110,29,26
IND,104,113,29,27
IND,98,111,29,28
IND,102,92,30,28
IND,95,113,30,29
IND,117,108,31,29
IND,99,100,31,30
IND,97,96,32,30
IND,88,100,32,31
IND,115,98,33,31
IND,85,99,33,32
IND,102,98,34,32
IND,81,87,34,33
IND,98,77,35,33
IND,91,116,35,34
IND,107,100,36,34
IND,100,109,36,35
IND,117,125,36,36
IND,107,94,37,36
IND,114,115,37,37
IND,97,110,37,38
IND,100,111,37,39
IND,130,135,37,40
IND,108,90,38,40
IND,104,89,39,40
IND,127,112,40,40
IND,120,111,41,40
IND,104,86,42,40
IND,108,109,0,1
IND,111,117,0,2
IND,114,119,0,3
IND,102,106,0,4
LAC,114,106,1,0
LAC,88,75,2,0
LAC,116,98,3,0
LAC,83,85,3,1
LAC,99,88,4,1
LAC,116,92,5,1
LAC,114,82,6,1
LAC,111,80,7,1
LAC,110,108,8,1
LAC,119,105,9,1
LAC,127,95,10,1
LAC,107,111,10,2
LAC,121,115,11,2
LAC,102,95,12,2
LAC,123,115,13,2
LAC,124,104,14,2
LAC,97,108,14,3
LAC,70,91,14,4
LAC,122,127,14,5
LAC,113,94,15,5
LAC,114,96,16,5
LAC,102,111,16,6
LAC,98,115,16,7
LAC,133,105,17,7
LAC,121,120,18,7
LAC,113,108,19,7
LAC,102,98,20,7
LAC,110,117,20,8
LAC,119,102,21,8
LAC,106,101,22,8
LAC,88,90,22,9
LAC,102,111,22,10
LAC,102,106,22,11
LAC,98,102,22,12
LAC,116,140,22,13
LAC,88,114,22,14
LAC,109,98,23,14
LAC,115,106,24,14
LAC,106,98,25,14
LAC,98,86,26,14
LAC,105,96,27,14
LAC,113,97,28,14
LAC,120,98,29,14
LAC,101,104,29,15
LAC,98,123,29,16
LAC,115,105,30,16
LAC,110,121,30,17
LAC,98,144,30,18
LAC,124,114,31,18
LAC,120,133,31,19
LAC,102,107,31,20
LAC,109,118,31,21
LAC,119,115,32,21
LAC,107,102,33,21
LAC,88,72,34,21
LAC,99,84,35,21
LAC,113,123,35,22
LAC,97,105,35,23
LAC,124,121,36,23
LAC,103,122,36,24
LAC,101,112,36,25
LAC,101,91,37,25
LAC,116,102,38,25
LAC,91,107,38,26
LAC,114,98,39,26
LAC,112,100,40,26
LAC,108,114,40,27
LAC,96,97,40,28
LAC,114,129,40,29
LAC,108,78,41,29
LAC,114,105,42,29
LAC,133,109,43,29
LAC,95,97,43,30
LAC,108,95,44,30
LAC,97,98,44,31
LAC,133,124,45,31
LAC,124,118,46,31
LAC,115,104,47,31
LAC,112,101,48,31
LAC,98,87,49,31
LAC,125,96,50,31
LAC,115,95,51,31
LAC,95,97,0,1
LAC,99,91,1,1
LAC,111,106,2,1
LAC,98,105,2,2
LAC,92,96,2,3
LAC,98,93,3,3
LAC,91,104,3,4
LAL,120,114,1,0
LAL,89,96,1,1
LAL,96,113,1,2
LAL,108,115,1,3
LAL,123,116,2,3
LAL,117,97,3,3
LAL,119,108,4,3
LAL,97,109,4,4
LAL,101,91,5,4
LAL,126,99,6,4
LAL,99,125,6,5
LAL,125,118,7,5
LAL,107,116,7,6
LAL,110,118,7,7
LAL,111,109,8,7
LAL,106,149,8,8
LAL,85,109,8,9
LAL,109,94,9,9
LAL,88,105,9,10
LAL,96,90,10,10
LAL,80,113,10,11
LAL,100,103,10,12
LAL,101,107,10,13
LAL,95,134,10,14
LAL,115,119,10,15
LAL,112,118,10,16
LAL,92,116,10,17
LAL,97,107,10,18
LAL,100,89,11,18
LAL,108,119,11,19
LAL,113,117,11,20
LAL,107,115,11,21
LAL,90,109,11,22
LAL,111,102,12,22
LAL,100,102,12,23
LAL,89,101,12,24
LAL,114,123,12,25
LAL,116,102,13,25
LAL,109,118,13,26
LAL,127,100,14,26
LAL,111,95,15,26
LAL,87,108,15,27
LAL,94,134,15,28
LAL,97,113,15,29
LAL,97,102,15,30
LAL,121,127,15,31
LAL,108,95,16,31
LAL,73,122,16,32
LAL,98,105,16,33
LAL,88,96,16,34
LAL,120,116,17,34
LAL,108,116,17,35
LAL,107,113,17,36
LAL,121,107,18,36
LAL,102,121,18,37
LAL,122,114,19,37
LAL,96,97,19,38
LAL,101,137,19,39
LAL,93,110,19,40
LAL,98,119,19,41
LAL,104,109,19,42
LAL,95,115,19,43
LAL,97,105,19,44
LAL,111,122,19,45
LAL,122,110,20,45
LAL,116,118,20,46
LAL,101,129,20,47
LAL,100,139,20,48
LAL,103,107,20,49
LAL,120,125,20,50
LAL,109,133,20,51
LAL,130,119,21,51
LAL,81,97,21,52
LAL,108,119,21,53
LAL,104,119,21,54
LAL,104,115,21,55
LAL,108,103,22,55
LAL,102,95,23,55
LAL,98,94,24,55
LAL,110,109,25,55
LAL,108,96,26,55
LAL,94,109,26,56
MEM,102,98,1,0
MEM,104,111,1,1
MEM,112,103,2,1
MEM,80,116,2,2
MEM,89,83,3,2
MEM,88,99,3,3
MEM,94,100,3,4
MEM,108,107,4,4
MEM,96,106,4,5
MEM,102,96,5,5
MEM,111,107,6,5
MEM,80,64,7,5
MEM,93,71,8,5
MEM,105,90,9,5
MEM,104,99,10,5
MEM,81,90,10,6
MEM,110,107,11,6
MEM,85,104,11,7
MEM,105,120,11,8
MEM,95,94,12,8
MEM,103,100,13,8
MEM,110,108,14,8
MEM,96,91,15,8
MEM,88,86,16,8
MEM,110,89,17,8
MEM,86,103,17,9
MEM,93,85,18,9
MEM,92,96,18,10
MEM,73,82,18,11
MEM,109,112,18,12
MEM,98,86,19,12
MEM,115,109,20,12
MEM,102,112,20,13
MEM,103,113,20,14
MEM,114,80,21,14
MEM,112,98,22,14
MEM,102,116,22,15
MEM,106,115,22,16
MEM,128,119,23,16
MEM,88,79,24,16
MEM,95,103,24,17
MEM,110,105,25,17
MEM,104,108,25,18
MEM,101,104,25,19
MEM,107,91,26,19
MEM,95,119,26,20
MEM,101,99,27,20
MEM,109,112,27,21
MEM,102,95,28,21
MEM,115,96,29,21
MEM,119,99,30,21
MEM,102,114,30,22
MEM,107,99,31,22
MEM,89,74,32,22
MEM,110,91,33,22
MEM,107,122,33,23
MEM,112,103,34,23
MEM,91,95,34,24
MEM,92,102,34,25
MEM,105,98,35,25
MEM,130,112,36,25
MEM,100,104,36,26
MEM,108,123,36,27
MEM,109,122,36,28
MEM,98,114,36,29
MEM,90,107,36,30
MEM,113,93,37,30
MEM,98,91,38,30
MEM,103,91,39,30
MEM,104,96,40,30
MEM,82,95,40,31
MEM,90,97,40,32
MEM,94,106,40,33
MEM,90,91,40,34
MEM,110,97,41,34
MEM,99,90,42,34
MEM,103,108,42,35
MEM,89,95,42,36
MEM,100,103,42,37
MEM,101,88,43,37
MEM,90,103,43,38
MEM,93,100,43,39
MEM,82,111,0,1
MEM,82,96,0,2
MEM,105,94,1,2
MEM,110,108,2,2
MEM,103,116,2,3
MEM,96,103,2,4
MIA,108,96,1,0
MIA,91,97,1,1
MIA,99,106,1,2
MIA,108,96,2,2
MIA,87,96,2,3
MIA,85,97,2,4
MIA,95,98,2,5
MIA,91,102,2,6
MIA,90,94,2,7
MIA,90,93,2,8
MIA,96,73,3,8
MIA,114,111,4,8
MIA,94,101,4,9
MIA,84,107,4,10
MIA,90,81,5,10
MIA,107,110,5,11
MIA,104,112,5,12
MIA,106,98,6,12
MIA,111,110,7,12
MIA,92,99,7,13
MIA,103,114,7,14
MIA,95,103,7,15
MIA,84,114,7,16
MIA,100,105,7,17
MIA,112,101,8,17
MIA,95,89,9,17
MIA,98,102,9,18
MIA,95,105,9,19
MIA,130,136,9,20
MIA,115,107,10,20
MIA,87,91,10,21
MIA,94,106,10,22
MIA,82,91,10,23
MIA,114,117,10,24
MIA,98,107,10,25
MIA,90,99,10,26
MIA,107,102,11,26
MIA,100,127,11,27
MIA,86,98,11,28
MIA,95,107,11,29
MIA,108,116,11,30
MIA,109,103,12,30
MIA,99,95,13,30
MIA,109,97,14,30
MIA,105,102,15,30
MIA,109,106,16,30
MIA,100,88,17,30
MIA,116,103,18,30
MIA,104,96,19,30
MIA,116,93,20,30
MIA,125,102,21,30
MIA,115,113,22,30
MIA,106,88,23,30
MIA,108,99,24,30
MIA,109,117,24,31
MIA,107,116,24,32
MIA,117,109,25,32
MIA,108,90,26,32
MIA,113,95,27,32
MIA,89,96,27,33
MIA,125,98,28,33
MIA,99,110,28,34
MIA,120,92,29,34
MIA,106,98,30,34
MIA,108,101,31,34
MIA,104,89,32,34
MIA,98,102,32,35
MIA,120,112,33,35
MIA,123,105,34,35
MIA,104,115,34,36
MIA,112,97,35,36
MIA,84,101,35,37
MIA,108,112,35,38
MIA,97,96,36,38
MIA,105,88,37,38
MIA,94,98,37,39
MIA,113,116,37,40
MIA,112,99,38,40
MIA,94,96,38,41
MIA,106,103,39,41
MIA,124,121,40,41
MIA,110,102,41,41
MIL,96,107,0,1
MIL,110,108,1,1
MIL,83,98,1,2
MIL,117,113,2,2
MIL,125,107,3,2
MIL,117,91,4,2
MIL,75,86,4,3
MIL,106,112,4,4
MIL,106,96,5,4
MIL,100,107,5,5
MIL,73,96,5,6
MIL,121,124,5,7
MIL,93,89,6,7
MIL,99,105,6,8
MIL,104,96,7,8
MIL,118,101,8,8
MIL,111,93,9,8
MIL,112,103,10,8
MIL,96,97,10,9
MIL,115,107,11,9
MIL,110,114,11,10
MIL,105,110,11,11
MIL,100,122,11,12
MIL,108,97,12,12
MIL,95,69,13,12
MIL,108,114,13,13
MIL,102,113,13,14
MIL,123,96,14,14
MIL,102,107,14,15
MIL,119,94,15,15
MIL,99,116,15,16
MIL,116,96,16,16
MIL,98,94,17,16
MIL,105,104,18,16
MIL,111,116,18,17
MIL,101,107,18,18
MIL,109,107,19,18
MIL,116,108,20,18
MIL,98,111,20,19
MIL,104,113,20,20
MIL,92,111,20,21
MIL,96,112,20,22
MIL,97,109,20,23
MIL,127,114,21,23
MIL,109,114,21,24
MIL,86,102,21,25
MIL,108,112,21,26
MIL,88,104,21,27
MIL,117,121,21,28
MIL,137,112,22,28
MIL,88,106,22,29
MIL,114,122,22,30
MIL,116,100,23,30
MIL,102,89,24,30
MIL,129,125,25,30
MIL,95,109,25,31
MIL,100,96,26,31
MIL,95,102,26,32
MIL,98,110,26,33
MIL,112,101,27,33
MIL,101,94,28,33
MIL,112,98,29,33
MIL,104,93,30,33
MIL,99,85,31,33
MIL,102,95,32,33
MIL,93,113,32,34
MIL,97,96,33,34
MIL,107,103,34,34
MIL,92,117,34,35
MIL,93,90,35,35
MIL,116,98,36,35
MIL,100,97,37,35
MIL,94,109,37,36
MIL,118,108,38,36
MIL,103,100,39,36
MIL,108,105,40,36
MIL,105,109,40,37
MIL,79,110,40,38
MIL,89,104,40,39
MIL,90,82,41,39
MIL,89,79,42,39
MIL,94,112,42,40
MIL,97,83,1,0
MIL,100,106,1,1
MIL,104,77,2,1
MIL,76,87,2,2
MIL,93,118,2,3
MIL,89,92,2,4
MIN,98,102,0,1
MIN,103,106,0,2
MIN,116,80,1,2
MIN,99,102,1,3
MIN,92,112,1,4
MIN,110,119,1,5
MIN,123,107,2,5
MIN,105,119,2,6
MIN,125,99,3,6
MIN,108,115,3,7
MIN,110,86,4,7
MIN,71,93,4,8
MIN,93,99,4,9
MIN,96,117,4,10
MIN,98,85,5,10
MIN,102,115,5,11
MIN,103,112,5,12
MIN,104,106,5,13
MIN,114,118,5,14
MIN,125,120,6,14
MIN,91,105,6,15
MIN,110,124,6,16
MIN,90,117,6,17
MIN,108,116,6,18
MIN,99,94,7,18
MIN,109,111,7,19
MIN,115,108,8,19
MIN,92,84,9,19
MIN,105,109,9,20
MIN,100,112,9,21
MIN,104,90,10,21
MIN,103,105,10,22
MIN,116,99,11,22
MIN,89,95,11,23
MIN,91,93,11,24
MIN,105,112,11,25
MIN,92,94,11,26
MIN,101,92,12,26
MIN,119,105,13,26
MIN,96,86,14,26
MIN,87,98,14,27
MIN,114,122,14,28
MIN,104,101,15,28
MIN,111,108,16,28
MIN,112,111,17,28
MIN,103,109,17,29
MIN,129,109,18,29
MIN,111,105,19,29
MIN,97,125,19,30
MIN,108,116,19,31
MIN,99,107,19,32
MIN,113,115,19,33
MIN,112,109,20,33
MIN,106,122,20,34
MIN,117,89,21,34
MIN,108,116,21,35
MIN,112,99,22,35
MIN,97,84,23,35
MIN,130,142,23,36
MIN,102,88,24,36
MIN,107,80,25,36
MIN,90,97,25,37
MIN,107,91,26,37
MIN,103,102,27,37
MIN,95,102,27,38
MIN,119,104,28,38
MIN,104,117,28,39
MIN,105,123,28,40
MIN,109,123,28,41
MIN,93,100,28,42
MIN,119,130,28,43
MIN,100,112,28,44
MIN,115,114,29,44
MIN,119,104,30,44
MIN,117,123,30,45
MIN,110,109,31,45
MIN,107,121,31,46
MIN,98,105,31,47
MIN,113,120,31,48
MIN,109,110,31,49
MIN,98,100,31,50
MIN,118,123,31,51
NOP,102,107,0,1
NOP,114,122,0,2
NOP,79,98,0,3
NOP,113,117,0,4
NOP,83,89,0,5
NOP,111,112,0,6
NOP,106,116,0,7
NOP,94,102,0,8
NOP,112,106,1,8
NOP,99,126,1,9
NOP,106,105,2,9
NOP,82,89,2,10
NOP,113,101,3,10
NOP,121,116,4,10
NOP,112,94,5,10
NOP,117,96,6,10
NOP,104,119,6,11
NOP,81,91,6,12
NOP,105,88,7,12
NOP,96,114,7,13
NOP,92,101,7,14
NOP,108,110,7,15
NOP,88,99,7,16
NOP,105,133,7,17
NOP,120,119,8,17
NOP,109,113,8,18
NOP,102,95,9,18
NOP,100,122,9,19
NOP,100,113,9,20
NOP,108,93,10,20
NOP,110,121,10,21
NOP,91,87,11,21
NOP,111,104,12,21
NOP,102,98,13,21
NOP,104,92,14,21
NOP,82,90,14,22
NOP,94,99,14,23
NOP,108,117,14,24
NOP,110,96,15,24
NOP,104,95,16,24
NOP,99,107,16,25
NOP,95,98,16,26
NOP,118,98,17,26
NOP,114,143,17,27
NOP,124,122,18,27
NOP,105,114,18,28
NOP,119,103,19,28
NOP,94,107,19,29
NOP,106,108,19,30
NOP,98,118,19,31
NOP,91,105,19,32
NOP,111,106,20,32
NOP,94,127,20,33
NOP,122,106,21,33
NOP,99,105,21,34
NOP,110,108,22,34
NOP,95,91,23,34
NOP,99,129,23,35
NOP,83,96,23,36
NOP,110,118,23,37
NOP,109,86,24,37
NOP,98,101,24,38
NOP,105,97,25,38
NOP,83,88,25,39
NOP,87,94,25,40
NOP,125,122,26,40
NOP,100,77,27,40
NOP,112,120,27,41
NOP,128,112,28,41
NOP,123,109,29,41
NOP,95,82,30,41
NOP,107,117,30,42
NOP,115,90,31,42
NOP,100,108,31,43
NOP,121,118,32,43
NOP,117,89,33,43
NOP,110,117,33,44
NOP,131,134,33,45
NOP,106,122,33,46
NOP,101,123,33,47
NOP,96,108,33,48
NOP,103,100,34,48
NYK,88,117,0,1
NYK,111,104,1,1
NYK,89,102,1,2
NYK,99,118,1,3
NYK,117,104,2,3
NYK,109,114,2,4
NYK,110,96,3,4
NYK,87,115,3,5
NYK,107,118,3,6
NYK,93,77,4,6
NYK,105,102,5,6
NYK,112,119,5,7
NYK,104,94,6,7
NYK,107,103,7,7
NYK,113,111,8,7
NYK,102,107,8,8
NYK,103,112,8,9
NYK,106,104,9,9
NYK,118,114,10,9
NYK,106,98,11,9
NYK,114,103,12,9
NYK,94,126,12,10
NYK,103,100,13,10
NYK,118,112,14,10
NYK,111,113,14,11
NYK,90,103,14,12
NYK,114,127,14,13
NYK,118,111,15,13
NYK,106,95,16,13
NYK,114,119,16,14
NYK,98,102,16,15
NYK,92,104,16,16
NYK,122,129,16,17
NYK,103,115,16,18
NYK,104,105,16,19
NYK,116,111,17,19
NYK,109,123,17,20
NYK,96,110,17,21
NYK,97,98,17,22
NYK,104,89,18,22
NYK,101,116,18,23
NYK,107,108,18,24
NYK,117,106,19,24
NYK,110,113,19,25
NYK,105,107,19,26
NYK,109,103,20,26
NYK,95,103,20,27
NYK,110,107,21,27
NYK,139,142,21,28
NYK,101,117,21,29
NYK,95,90,22,29
NYK,104,111,22,30
NYK,107,121,22,31
NYK,115,119,22,32
NYK,123,131,22,33
NYK,94,90,23,33
NYK,105,116,23,34
NYK,104,119,23,35
NYK,110,109,24,35
NYK,91,92,24,36
NYK,101,90,25,36
NYK,102,105,25,37
NYK,105,112,25,38
NYK,113,105,26,38
NYK,93,104,26,39
NYK,92,112,26,40
NYK,112,120,26,41
NYK,87,81,27,41
NYK,110,121,27,42
NYK,105,114,27,43
NYK,101,108,27,44
NYK,95,110,27,45
NYK,98,106,27,46
NYK,109,95,28,46
NYK,88,105,28,47
NYK,98,94,29,47
NYK,94,110,29,48
NYK,100,91,30,48
NYK,103,106,30,49
NYK,88,101,30,50
NYK,97,110,30,51
NYK,114,113,31,51
OKC,103,97,1,0
OKC,113,110,2,0
OKC,113,96,3,0
OKC,85,83,4,0
OKC,96,122,4,1
OKC,112,92,5,1
OKC,97,85,6,1
OKC,102,112,6,2
OKC,108,110,6,3
OKC,117,119,6,4
OKC,88,104,6,5
OKC,105,103,7,5
OKC,124,105,8,5
OKC,111,115,8,6
OKC,109,111,8,7
OKC,101,116,8,8
OKC,132,129,9,8
OKC,106,88,10,8
OKC,112,103,11,8
OKC,126,115,12,8
OKC,101,92,13,8
OKC,102,99,14,8
OKC,99,102,14,9
OKC,99,96,15,9
OKC,95,114,15,10
OKC,89,109,15,11
OKC,114,101,16,11
OKC,108,110,16,12
OKC,121,110,17,12
OKC,117,112,18,12
OKC,112,100,19,12
OKC,106,94,20,12
OKC,80,114,20,13
OKC,114,88,21,13
OKC,94,98,21,14
OKC,112,123,21,15
OKC,116,118,21,16
OKC,121,106,22,16
OKC,109,94,23,16
OKC,103,95,24,16
OKC,86,96,24,17
OKC,122,118,25,17
OKC,98,120,25,18
OKC,100,121,25,19
OKC,97,95,26,19
OKC,114,105,27,19
OKC,109,98,28,19
OKC,91,107,28,20
OKC,94,108,28,21
OKC,100,128,28,22
OKC,114,102,29,22
OKC,105,99,30,22
OKC,90,93,30,23
OKC,118,109,31,23
OKC,114,130,31,24
OKC,98,120,31,25
OKC,116,105,32,25
OKC,110,93,33,25
OKC,118,110,34,25
OKC,109,106,35,25
OKC,109,114,35,26
OKC,111,118,35,27
OKC,89,104,35,28
OKC,121,126,35,29
OKC,102,92,36,29
OKC,112,104,37,29
OKC,122,104,38,29
OKC,123,102,39,29
OKC,110,94,40,29
OKC,95,111,40,30
OKC,122,97,41,30
OKC,125,137,41,31
OKC,92,91,42,31
OKC,114,106,43,31
OKC,95,100,43,32
OKC,101,113,43,33
OKC,110,79,44,33
OKC,103,100,45,33
OKC,99,120,45,34
OKC,106,105,46,34
OKC,100,98,47,34
OKC,105,111,47,35
OKC,87,118,0,1
OKC,111,115,0,2
OKC,115,113,1,2
OKC,109,113,1,3
OKC,99,105,1,4
ORL,96,108,0,1
ORL,82,108,0,2
ORL,99,105,0,3
ORL,103,101,1,3
ORL,102,94,2,3
ORL,88,86,3,3
ORL,80,112,3,4
ORL,107,123,3,5
ORL,74,87,3,6
ORL,119,117,4,6
ORL,69,88,4,7
ORL,89,82,5,7
ORL,95,87,6,7
ORL,89,93,6,8
ORL,87,92,6,9
ORL,91,94,6,10
ORL,96,104,6,11
ORL,95,83,7,11
ORL,94,95,7,12
ORL,105,88,8,12
ORL,98,92,9,12
ORL,124,116,10,12
ORL,87,117,10,13
ORL,88,109,10,14
ORL,113,121,10,15
ORL,131,120,11,15
ORL,108,113,11,16
ORL,118,111,12,16
ORL,79,109,12,17
ORL,136,130,13,17
ORL,95,106,13,18
ORL,109,90,14,18
ORL,112,102,15,18
ORL,101,120,15,19
ORL,104,117,15,20
ORL,115,103,16,20
ORL,92,111,16,21
ORL,93,100,16,22
ORL,95,111,16,23
ORL,96,105,16,24
ORL,115,109,17,24
ORL,107,114,17,25
ORL,112,125,17,26
ORL,98,118,17,27
ORL,112,96,18,27
ORL,98,118,18,28
ORL,92,100,18,29
ORL,98,128,18,30
ORL,114,113,19,30
ORL,105,111,19,31
ORL,88,98,19,32
ORL,102,94,20,32
ORL,86,113,20,33
ORL,104,128,20,34
ORL,111,112,20,35
ORL,80,112,20,36
ORL,116,107,21,36
ORL,79,107,21,37
ORL,103,112,21,38
ORL,105,86,22,38
ORL,90,101,22,39
ORL,110,99,23,39
ORL,114,115,23,40
ORL,105,113,23,41
ORL,98,91,24,41
ORL,81,121,24,42
ORL,104,116,24,43
ORL,115,120,24,44
ORL,92,122,24,45
ORL,109,103,25,45
ORL,112,109,26,45
ORL,102,109,26,46
ORL,115,87,27,46
ORL,112,131,27,47
ORL,106,114,27,48
ORL,116,117,27,49
ORL,111,121,27,50
ORL,102,122,27,51
ORL,115,107,28,51
ORL,112,127,28,52
ORL,75,122,28,53
ORL,113,109,29,53
PHI,97,103,0,1
PHI,72,104,0,2
PHI,101,103,0,3
PHI,93,109,0,4
PHI,101,102,0,5
PHI,84,109,0,6
PHI,115,122,0,7
PHI,109,105,1,7
PHI,96,117,1,8
PHI,88,115,1,9
PHI,109,102,2,9
PHI,86,110,2,10
PHI,120,105,3,10
PHI,101,94,4,10
PHI,99,104,4,11
PHI,89,105,4,12
PHI,108,112,4,13
PHI,95,122,4,14
PHI,88,105,4,15
PHI,106,107,4,16
PHI,98,106,4,17
PHI,91,96,4,18
PHI,99,88,5,18
PHI,97,79,6,18
PHI,114,123,6,19
PHI,89,100,6,20
PHI,108,107,7,20
PHI,93,108,7,21
PHI,116,123,7,22
PHI,100,102,7,23
PHI,83,100,7,24
PHI,124,122,8,24
PHI,93,91,9,24
PHI,106,110,9,25
PHI,105,95,10,25
PHI,98,97,11,25
PHI,102,93,12,25
PHI,93,109,12,26
PHI,113,104,13,26
PHI,94,89,14,26
PHI,93,92,15,26
PHI,93,110,15,27
PHI,121,110,16,27
PHI,114,109,17,27
PHI,118,123,17,28
PHI,108,121,17,29
PHI,122,119,18,29
PHI,95,113,18,30
PHI,86,102,18,31
PHI,102,125,18,32
PHI,96,113,18,33
PHI,103,111,18,34
PHI,112,111,19,34
PHI,117,109,20,34
PHI,105,99,21,34
PHI,108,116,21,35
PHI,120,112,22,35
PHI,109,110,22,36
PHI,108,119,22,37
PHI,98,125,22,38
PHI,105,102,23,38
PHI,106,136,23,39
PHI,98,112,23,40
PHI,108,114,23,41
PHI,100,112,23,42
PHI,118,116,24,42
PHI,104,106,24,43
PHI,116,74,25,43
PHI,105,99,26,43
PHI,109,112,26,44
PHI,97,122,26,45
PHI,117,107,27,45
PHI,94,107,27,46
PHI,106,101,28,46
PHI,92,99,28,47
PHI,105,122,28,48
PHI,105,113,28,49
PHI,118,141,28,50
PHI,90,102,28,51
PHI,82,90,28,52
PHI,111,120,28,53
PHI,113,114,28,54
PHO,94,113,0,1
PHO,110,113,0,2
PHO,100,106,0,3
PHO,98,116,0,4
PHO,118,115,1,4
PHO,112,111,2,4
PHO,108,119,2,5
PHO,121,124,2,6
PHO,107,100,3,6
PHO,104,122,3,7
PHO,120,133,3,8
PHO,104,120,3,9
PHO,116,96,4,9
PHO,105,120,4,10
PHO,101,106,4,11
PHO,92,87,5,11
PHO,85,98,5,12
PHO,114,120,5,13
PHO,109,107,6,13
PHO,109,138,6,14
PHO,105,112,6,15
PHO,94,109,6,16
PHO,119,115,7,16
PHO,119,120,7,17
PHO,113,111,8,17
PHO,92,107,8,18
PHO,101,114,8,19
PHO,108,115,8,20
PHO,111,125,8,21
PHO,123,116,9,21
PHO,115,131,9,22
PHO,98,119,9,23
PHO,99,91,10,23
PHO,86,91,10,24
PHO,98,109,10,25
PHO,99,90,11,25
PHO,102,95,12,25
PHO,116,120,12,26
PHO,108,113,12,27
PHO,108,105,13,27
PHO,101,106,13,28
PHO,103,118,13,29
PHO,107,105,14,29
PHO,115,103,15,29
PHO,111,112,15,30
PHO,120,127,15,31
PHO,112,123,15,32
PHO,96,115,15,33
PHO,114,124,15,34
PHO,105,103,16,34
PHO,112,137,16,35
PHO,106,111,16,36
PHO,91,110,16,37
PHO,115,97,17,37
PHO,102,133,17,38
PHO,108,110,17,39
PHO,137,101,18,39
PHO,121,128,18,40
PHO,96,100,18,41
PHO,112,130,18,42
PHO,120,103,19,42
PHO,118,111,20,42
PHO,109,106,21,42
PHO,127,131,21,43
PHO,110,122,21,44
PHO,100,98,22,44
PHO,101,110,22,45
PHO,101,107,22,46
PHO,103,109,22,47
PHO,95,112,22,48
PHO,97,112,22,49
PHO,98,126,22,50
PHO,120,130,22,51
PHO,106,120,22,52
PHO,91,95,22,53
PHO,118,124,22,54
PHO,117,130,22,55
PHO,116,123,22,56
PHO,111,120,22,57
PHO,120,99,23,57
PHO,124,111,24,57
PHO,104,129,24,58
POR,113,104,1,0
POR,106,114,1,1
POR,115,113,2,1
POR,104,127,2,2
POR,115,118,2,3
POR,105,95,3,3
POR,100,94,4,3
POR,124,121,5,3
POR,80,111,5,4
POR,122,120,6,4
POR,112,105,7,4
POR,88,113,7,5
POR,109,126,7,6
POR,101,113,7,7
POR,129,109,8,7
POR,103,107,8,8
POR,125,137,8,9
POR,119,104,9,9
POR,114,130,9,10
POR,131,109,10,10
POR,99,92,11,10
POR,112,110,12,10
POR,107,115,12,11
POR,86,88,12,12
POR,111,118,12,13
POR,120,121,12,14
POR,114,95,13,14
POR,120,132,13,15
POR,90,135,13,16
POR,121,126,13,17
POR,95,96,13,18
POR,90,110,13,19
POR,91,95,13,20
POR,102,89,14,20
POR,94,110,14,21
POR,95,89,15,21
POR,117,125,15,22
POR,118,109,16,22
POR,124,125,16,23
POR,108,87,17,23
POR,102,86,18,23
POR,109,115,18,24
POR,101,120,18,25
POR,85,107,18,26
POR,92,93,18,27
POR,127,123,19,27
POR,105,98,20,27
POR,112,109,21,27
POR,111,113,21,28
POR,115,98,22,28
POR,104,108,22,29
POR,99,105,22,30
POR,114,113,23,30
POR,111,120,23,31
POR,104,109,23,32
POR,88,111,23,33
POR,112,103,24,33
POR,106,112,24,34
POR,113,120,24,35
POR,114,109,25,35
POR,130,116,26,35
POR,126,121,27,35
POR,114,108,28,35
POR,124,125,28,36
POR,110,101,29,36
POR,77,100,29,37
POR,110,106,30,37
POR,113,97,31,37
POR,115,104,32,37
POR,90,93,32,38
POR,110,95,33,38
POR,112,100,34,38
POR,97,81,35,38
POR,122,113,36,38
POR,117,107,37,38
POR,130,117,38,38
POR,109,110,38,39
POR,87,106,38,40
POR,105,98,39,40
POR,101,86,40,40
POR,99,98,41,40
POR,100,103,41,41
POR,109,121,0,1
POR,81,110,0,2
POR,113,119,0,3
POR,103,128,0,4
SAC,113,94,1,0
SAC,94,102,1,1
SAC,106,103,2,1
SAC,95,106,2,2
SAC,96,108,2,3
SAC,94,102,2,4
SAC,91,117,2,5
SAC,96,91,3,5
SAC,102,94,4,5
SAC,91,101,4,6
SAC,120,122,4,7
SAC,105,110,4,8
SAC,115,121,4,9
SAC,102,99,5,9
SAC,116,101,6,9
SAC,104,117,6,10
SAC,122,105,7,10
SAC,95,101,7,11
SAC,92,97,7,12
SAC,98,106,7,13
SAC,120,89,8,13
SAC,100,103,8,14
SAC,84,104,8,15
SAC,116,92,9,15
SAC,98,132,9,16
SAC,96,92,10,16
SAC,79,99,10,17
SAC,126,121,11,17
SAC,94,93,12,17
SAC,109,105,13,17
SAC,102,100,14,17
SAC,89,102,14,18
SAC,98,112,14,19
SAC,120,113,15,19
SAC,102,107,15,20
SAC,98,106,15,21
SAC,106,117,15,22
SAC,100,94,16,22
SAC,108,120,16,23
SAC,118,122,16,24
SAC,100,106,16,25
SAC,91,107,16,26
SAC,99,102,16,27
SAC,109,104,17,27
SAC,116,112,18,27
SAC,111,115,18,28
SAC,109,106,19,28
SAC,119,122,19,29
SAC,83,105,19,30
SAC,103,105,19,31
SAC,109,106,20,31
SAC,107,112,20,32
SAC,108,92,21,32
SAC,108,107,22,32
SAC,105,99,23,32
SAC,97,96,24,32
SAC,86,109,24,33
SAC,116,100,25,33
SAC,85,99,25,34
SAC,88,102,25,35
SAC,100,109,25,36
SAC,109,110,25,37
SAC,96,108,25,38
SAC,104,114,25,39
SAC,122,130,25,40
SAC,92,105,25,41
SAC,120,115,26,41
SAC,107,101,27,41
SAC,94,110,27,42
SAC,102,118,27,43
SAC,98,116,27,44
SAC,100,114,27,45
SAC,98,97,28,45
SAC,91,90,29,45
SAC,82,112,29,46
SAC,89,117,29,47
SAC,123,117,30,47
SAC,98,87,31,47
SAC,94,98,31,48
SAC,128,135,31,49
SAC,129,104,32,49
SAC,95,115,32,50
SAS,129,100,1,0
SAS,102,94,2,0
SAS,98,79,3,0
SAS,106,99,4,0
SAS,91,106,4,1
SAS,100,86,5,1
SAS,92,116,5,2
SAS,99,101,5,3
SAS,96,86,6,3
SAS,106,100,7,3
SAS,94,90,8,3
SAS,110,105,9,3
SAS,116,107,10,3
SAS,96,91,11,3
SAS,119,114,12,3
SAS,109,103,13,3
SAS,112,100,14,3
SAS,83,95,14,4
SAS,94,87,15,4
SAS,107,105,16,4
SAS,97,96,17,4
SAS,105,91,18,4
SAS,91,95,18,5
SAS,130,101,19,5
SAS,108,101,20,5
SAS,107,92,21,5
SAS,113,100,22,5
SAS,102,100,23,5
SAS,101,106,23,6
SAS,110,90,24,6
SAS,119,100,25,6
SAS,119,98,26,6
SAS,110,94,27,6
SAS,112,114,27,7
SAS,110,82,28,7
SAS,127,99,29,7
SAS,102,85,30,7
SAS,107,109,30,8
SAS,134,94,31,8
SAS,105,108,31,9
SAS,122,114,32,9
SAS,118,104,33,9
SAS,118,115,34,9
SAS,112,86,35,9
SAS,108,106,36,9
SAS,103,119,36,10
SAS,101,105,36,11
SAS,108,94,37,11
SAS,102,86,38,11
SAS,121,97,39,11
SAS,74,89,39,12
SAS,111,103,40,12
SAS,103,92,41,12
SAS,90,94,41,13
SAS,110,106,42,13
SAS,107,79,43,13
SAS,105,97,44,13
SAS,119,98,45,13
SAS,100,99,46,13
SAS,101,98,47,13
SAS,97,90,48,13
SAS,112,110,49,13
SAS,114,104,50,13
SAS,92,102,50,14
SAS,107,85,51,14
SAS,107,99,52,14
SAS,106,110,52,15
SAS,96,104,52,16
SAS,118,102,53,16
SAS,100,93,54,16
SAS,97,90,55,16
SAS,106,98,56,16
SAS,103,74,57,16
SAS,98,110,57,17
SAS,100,95,58,17
SAS,109,103,59,17
SAS,95,89,60,17
SAS,95,102,60,18
SAS,102,89,61,18
SAS,87,98,61,19
SAS,98,99,61,20
SAS,97,101,61,21
SAS,111,82,1,0
SAS,96,82,2,0
SAS,94,105,2,1
SAS,108,110,2,2
SAS,116,103,3,2
SAS,103,96,4,2
SAS,99,126,4,3
SAS,121,96,5,3
SAS,103,92,6,3
SAS,104,125,6,4
SAS,110,107,7,4
SAS,114,75,8,4
SAS,111,113,8,5
SAS,100,136,8,6
SAS,108,120,8,7
SAS,115,129,8,8
TOR,109,91,1,0
TOR,91,94,1,1
TOR,105,102,2,1
TOR,113,103,3,1
TOR,96,87,4,1
TOR,91,96,4,2
TOR,112,102,5,2
TOR,113,111,6,2
TOR,118,107,7,2
TOR,117,121,7,3
TOR,121,127,7,4
TOR,113,111,8,4
TOR,99,102,8,5
TOR,115,123,8,6
TOR,115,102,9,6
TOR,105,99,10,6
TOR,122,95,11,6
TOR,120,105,12,6
TOR,113,80,13,6
TOR,128,84,14,6
TOR,112,116,14,7
TOR,124,110,15,7
TOR,101,94,16,7
TOR,122,100,17,7
TOR,123,114,18,7
TOR,121,125,18,8
TOR,109,79,19,8
TOR,116,104,20,8
TOR,104,98,21,8
TOR,95,91,22,8
TOR,111,121,22,9
TOR,91,99,22,10
TOR,123,114,23,10
TOR,82,110,23,11
TOR,101,93,24,11
TOR,118,123,24,12
TOR,122,129,24,13
TOR,114,106,25,13
TOR,132,113,26,13
TOR,116,101,27,13
TOR,119,109,28,13
TOR,89,94,28,14
TOR,78,113,28,15
TOR,103,115,28,16
TOR,106,108,28,17
TOR,99,101,28,18
TOR,102,86,29,18
TOR,113,114,29,19
TOR,108,106,30,19
TOR,104,109,30,20
TOR,94,102,30,21
TOR,103,95,31,21
TOR,118,109,32,21
TOR,109,112,32,22
TOR,101,102,32,23
TOR,94,105,32,24
TOR,90,85,33,24
TOR,107,97,34,24
TOR,112,106,35,24
TOR,92,91,36,24
TOR,96,105,36,25
TOR,114,106,37,25
TOR,94,101,37,26
TOR,94,87,38,26
TOR,99,105,38,27
TOR,89,104,38,28
TOR,100,78,39,28
TOR,102,123,39,29
TOR,87,75,40,29
TOR,116,91,41,29
TOR,122,120,42,29
TOR,101,84,43,29
TOR,94,86,44,29
TOR,131,112,45,29
TOR,106,110,45,30
TOR,111,100,46,30
TOR,113,105,47,30
TOR,90,108,47,31
TOR,105,102,48,31
TOR,96,94,49,31
TOR,110,97,50,31
TOR,98,83,51,31
TOR,83,97,0,1
TOR,106,100,1,1
TOR,77,104,1,2
TOR,87,76,2,2
TOR,118,93,3,2
TOR,92,89,4,2
TOR,105,116,4,3
TOR,103,125,4,4
TOR,94,115,4,5
TOR,102,109,4,6
UTA,104,113,0,1
UTA,96,89,1,1
UTA,75,88,1,2
UTA,106,91,2,2
UTA,97,81,3,2
UTA,86,100,3,3
UTA,114,109,4,3
UTA,109,84,5,3
UTA,98,104,5,4
UTA,87,74,6,4
UTA,102,91,7,4
UTA,96,102,7,5
UTA,77,85,7,6
UTA,102,111,7,7
UTA,91,105,7,8
UTA,108,83,8,8
UTA,95,68,9,8
UTA,112,103,10,8
UTA,120,101,11,8
UTA,110,111,11,9
UTA,105,98,12,9
UTA,107,101,13,9
UTA,112,105,14,9
UTA,99,106,14,10
UTA,104,84,15,10
UTA,109,89,16,10
UTA,103,100,17,10
UTA,82,73,18,10
UTA,74,104,18,11
UTA,93,94,18,12
UTA,98,104,18,13
UTA,102,100,19,13
UTA,100,83,20,13
UTA,91,86,21,13
UTA,101,89,22,13
UTA,104,115,22,14
UTA,93,101,22,15
UTA,94,92,23,15
UTA,79,88,23,16
UTA,100,92,24,16
UTA,110,77,25,16
UTA,114,107,26,16
UTA,106,101,27,16
UTA,112,107,28,16
UTA,109,100,29,16
UTA,95,97,29,17
UTA,93,103,29,18
UTA,96,88,30,18
UTA,95,102,30,19
UTA,104,88,31,19
UTA,105,98,32,19
UTA,120,95,33,19
UTA,127,94,34,19
UTA,105,112,34,20
UTA,104,112,34,21
UTA,72,88,34,22
UTA,111,88,35,22
UTA,109,95,36,22
UTA,102,92,37,22
UTA,106,109,37,23
UTA,80,107,37,24
UTA,112,97,38,24
UTA,110,109,39,24
UTA,88,83,40,24
UTA,115,108,41,24
UTA,104,112,41,25
UTA,114,108,42,25
UTA,97,83,43,25
UTA,83,91,43,26
UTA,86,95,43,27
UTA,100,107,43,28
UTA,108,101,44,28
UTA,95,108,44,29
UTA,108,100,45,29
UTA,112,82,46,29
UTA,95,88,47,29
UTA,103,109,47,30
UTA,106,87,48,30
UTA,120,113,49,30
UTA,86,101,49,31
UTA,105,99,50,31
UTA,101,97,51,31
UTA,97,95,1,0
UTA,91,99,1,1
UTA,106,111,1,2
UTA,105,98,2,2
UTA,96,92,3,2
UTA,93,98,3,3
UTA,104,91,4,3
UTA,94,106,4,4
UTA,104,115,4,5
UTA,91,102,4,6
UTA,95,121,4,7
WAS,99,114,0,1
WAS,103,112,0,2
WAS,103,113,0,3
WAS,95,92,1,3
WAS,86,88,1,4
WAS,106,114,1,5
WAS,118,93,2,5
WAS,94,105,2,6
WAS,95,106,2,7
WAS,102,109,2,8
WAS,119,112,3,8
WAS,111,114,3,9
WAS,106,101,4,9
WAS,94,91,5,9
WAS,100,112,5,10
WAS,101,95,6,10
WAS,115,126,6,11
WAS,105,107,6,12
WAS,118,113,7,12
WAS,116,124,7,13
WAS,92,85,8,13
WAS,110,105,9,13
WAS,101,112,9,14
WAS,109,106,10,14
WAS,122,108,11,14
WAS,117,110,12,14
WAS,105,107,12,15
WAS,107,97,13,15
WAS,96,123,13,16
WAS,107,102,14,16
WAS,111,105,15,16
WAS,118,95,16,16
WAS,91,101,16,17
WAS,105,113,16,18
WAS,112,105,17,18
WAS,107,101,18,18
WAS,101,99,19,18
WAS,108,117,19,19
WAS,109,93,20,19
WAS,120,101,21,19
WAS,104,101,22,19
WAS,113,110,23,19
WAS,112,113,23,20
WAS,109,99,24,20
WAS,123,108,25,20
WAS,112,86,26,20
WAS,107,94,27,20
WAS,117,101,28,20
WAS,116,108,29,20
WAS,105,91,30,20
WAS,135,140,30,21
WAS,114,110,31,21
WAS,112,107,32,21
WAS,120,98,33,21
WAS,111,98,34,21
WAS,112,120,34,22
WAS,92,102,34,23
WAS,112,108,35,23
WAS,105,96,36,23
WAS,106,114,36,24
WAS,115,114,37,24
WAS,131,127,38,24
WAS,123,113,39,24
WAS,130,122,40,24
WAS,125,124,41,24
WAS,104,119,41,25
WAS,107,112,41,26
WAS,112,107,42,26
WAS,93,98,42,27
WAS,102,110,42,28
WAS,104,100,43,28
WAS,129,108,44,28
WAS,127,115,45,28
WAS,119,108,46,28
WAS,124,133,46,29
WAS,88,95,46,30
WAS,115,139,46,31
WAS,118,111,47,31
WAS,106,103,48,31
WAS,103,106,48,32
WAS,105,101,49,32
WAS,102,110,49,33
WAS,114,107,1,0
WAS,109,101,2,0
WAS,98,116,2,1
WAS,101,111,2,2
WAS,103,99,3,2
WAS,115,99,4,2
WAS,111,123,4,3
WAS,119,129,4,4
WAS,116,89,5,4
WAS,121,102,6,4
WAS,101,123,6,5
WAS,92,91,7,5
WAS,105,115,7,6
